id,ident,type,name,latitude,longitude,elevation_ft,continent,iso_country,iso_region,municipality,scheduled_service,gps_code,iata_code,local_code,home_link,wikipedia_link,keywords,score,last_updated3632,KLAX,large_airport,Los Angeles International Airport,33.94250107,-118.4079971,125,NA,US,US-CA,Los Angeles,1,KLAX,LAX,LAX,http://www.iflylax.com/,http://en.wikipedia.org/wiki/Los_Angeles_International_Airport,,1335475,2010-01-23T11:27:55+00:003754,KORD,large_airport,Chicago O'Hare International Airport,41.97859955,-87.90480042,672,NA,US,US-IL,Chicago,1,KORD,ORD,ORD,http://www.flychicago.com/ohare/en/home/Pages/default.aspx,http://en.wikipedia.org/wiki/O'Hare_International_Airport,"CHI, Orchard Place",1503175,2014-08-19T18:55:27+00:003622,KJFK,large_airport,John F Kennedy International Airport,40.63980103,-73.77890015,13,NA,US,US-NY,New York,1,KJFK,JFK,JFK,http://www.panynj.gov/CommutingTravel/airports/html/kennedy.html,http://en.wikipedia.org/wiki/John_F._Kennedy_International_Airport,"Manhattan, New York City, NYC, Idlewild",1052075,2010-01-23T11:27:54+00:003384,KATL,large_airport,Hartsfield Jackson Atlanta International Airport,33.63669968,-84.42810059,1026,NA,US,US-GA,Atlanta,1,KATL,ATL,ATL,http://www.atlanta-airport.com/,http://en.wikipedia.org/wiki/Hartsfield-Jackson_Atlanta_International_Airport,,2002475,2008-06-13T14:30:04+00:003878,KSFO,large_airport,San Francisco International Airport,37.61899948,-122.375,13,NA,US,US-CA,San Francisco,1,KSFO,SFO,SFO,http://www.flysfo.com/,http://en.wikipedia.org/wiki/San_Francisco_International_Airport,"QSF, QBA",1112475,2008-06-13T14:30:04+00:003521,KEWR,large_airport,Newark Liberty International Airport,40.69250107,-74.16870117,18,NA,US,US-NJ,Newark,1,KEWR,EWR,EWR,http://www.panynj.gov/CommutingTravel/airports/html/newarkliberty.html,http://en.wikipedia.org/wiki/Newark_Liberty_International_Airport,"Manhattan, New York City, NYC",1064475,2008-06-13T14:30:04+00:003631,KLAS,large_airport,McCarran International Airport,36.08010101,-115.1520004,2181,NA,US,US-NV,Las Vegas,1,KLAS,LAS,LAS,http://www.mccarran.com/,http://en.wikipedia.org/wiki/McCarran_International_Airport,,1068475,2010-07-05T16:48:39+00:003488,KDFW,large_airport,Dallas Fort Worth International Airport,32.89680099,-97.03800201,607,NA,US,US-TX,Dallas-Fort Worth,1,KDFW,DFW,DFW,http://www.dfwairport.com/,http://en.wikipedia.org/wiki/Dallas-Fort_Worth_International_Airport,QDF,1203175,2008-06-13T14:30:04+00:003670,KMCO,large_airport,Orlando International Airport,28.42939949,-81.30899811,96,NA,US,US-FL,Orlando,1,KMCO,MCO,MCO,http://www.orlandoairports.net/,http://en.wikipedia.org/wiki/Orlando_International_Airport,"Disney World,Epcot Center",1044075,2008-06-13T14:30:04+00:003486,KDEN,large_airport,Denver International Airport,39.86169815,-104.6729965,5431,NA,US,US-CO,Denver,1,KDEN,DEN,DEN,http://www.flydenver.com/,http://en.wikipedia.org/wiki/Denver_International_Airport,"DVX, KVDX",1103275,2015-11-13T09:28:42+00:003685,KMIA,large_airport,Miami International Airport,25.79319954,-80.29060364,8,NA,US,US-FL,Miami,1,KMIA,MIA,MIA,http://www.miami-airport.com/,http://en.wikipedia.org/wiki/Miami_International_Airport,"MFW, South Florida",1073075,2008-06-13T14:30:04+00:003643,KLGA,large_airport,La Guardia Airport,40.77719879,-73.87259674,21,NA,US,US-NY,New York,1,KLGA,LGA,LGA,http://www.panynj.gov/CommutingTravel/airports/html/laguardia.html,http://en.wikipedia.org/wiki/LaGuardia_Airport,"Manhattan, New York City, NYC, Glenn H. Curtiss Airport, North Beach Airport, La Guardia",1030575,2010-01-23T11:27:55+00:003602,KIAD,large_airport,Washington Dulles International Airport,38.94449997,-77.45580292,312,NA,US,US-DC,Washington,1,KIAD,IAD,IAD,http://www.mwaa.com/dulles/,http://en.wikipedia.org/wiki/Washington_Dulles_International_Airport,WAS,1023875,2010-01-23T11:27:53+00:003772,KPHX,large_airport,Phoenix Sky Harbor International Airport,33.43429947,-112.012001,1135,NA,US,US-AZ,Phoenix,1,KPHX,PHX,PHX,http://phoenix.gov/skyharborairport/,http://en.wikipedia.org/wiki/Phoenix_Sky_Harbor_International_Airport,,1060875,2008-06-13T14:30:04+00:003875,KSEA,large_airport,Seattle Tacoma International Airport,47.44900131,-122.3089981,433,NA,US,US-WA,Seattle,1,KSEA,SEA,SEA,http://www.portseattle.org/seatac/,http://en.wikipedia.org/wiki/Seattle-Tacoma_International_Airport,,1038675,2008-06-13T14:30:04+00:003422,KBOS,large_airport,General Edward Lawrence Logan International Airport,42.36429977,-71.00520325,20,NA,US,US-MA,Boston,1,KBOS,BOS,BOS,http://www.massport.com/logan/,http://en.wikipedia.org/wiki/Logan_International_Airport,General Edward Lawrence Logan International Airport,1035875,2010-01-23T11:27:48+00:003771,KPHL,large_airport,Philadelphia International Airport,39.87189865,-75.2410965,36,NA,US,US-PA,Philadelphia,1,KPHL,PHL,PHL,http://www.phl.org/,http://en.wikipedia.org/wiki/Philadelphia_International_Airport,,1031075,2008-06-13T14:30:04+00:003604,KIAH,large_airport,George Bush Intercontinental Houston Airport,29.9843998,-95.34140015,97,NA,US,US-TX,Houston,1,KIAH,IAH,IAH,http://www.fly2houston.com/iah,http://en.wikipedia.org/wiki/George_Bush_Intercontinental_Airport,QHO,1055675,2008-06-13T14:30:04+00:003483,KDCA,large_airport,Ronald Reagan Washington National Airport,38.8521,-77.037697,15,NA,US,US-DC,Washington,1,KDCA,DCA,DCA,http://www.flyreagan.com/dca/reagan-national-airport,http://en.wikipedia.org/wiki/Ronald_Reagan_Washington_National_Airport,WAS,1016175,2016-12-13T09:13:00+00:003457,KCLT,large_airport,Charlotte Douglas International Airport,35.2140007,-80.94309998,748,NA,US,US-NC,Charlotte,1,KCLT,CLT,CLT,http://www.charlotteairport.com/,http://en.wikipedia.org/wiki/Charlotte/Douglas_International_Airport,,1028075,2009-01-30T14:52:52+00:003497,KDTW,large_airport,Detroit Metropolitan Wayne County Airport,42.21239853,-83.35340118,645,NA,US,US-MI,Detroit,1,KDTW,DTW,DTW,http://www.metroairport.com/,http://en.wikipedia.org/wiki/Detroit_Metropolitan_Wayne_County_Airport,"DTT, Detroit Metro Airport",1079375,2008-06-13T14:30:04+00:003709,KMSP,large_airport,Minneapolis-St Paul International/Wold-Chamberlain Airport,44.88199997,-93.22180176,841,NA,US,US-MN,Minneapolis,1,KMSP,MSP,MSP,http://www.mspairport.com/,http://en.wikipedia.org/wiki/Minneapolis-Saint_Paul_International_Airport,,1085275,2009-12-17T08:53:11+00:003862,KSAN,large_airport,San Diego International Airport,32.73360062,-117.1900024,17,NA,US,US-CA,San Diego,1,KSAN,SAN,SAN,http://www.san.org/,http://en.wikipedia.org/wiki/San_Diego_International_Airport,Lindbergh Field,1017175,2014-12-10T01:00:52+00:003887,KSLC,large_airport,Salt Lake City International Airport,40.78839874,-111.9779968,4227,NA,US,US-UT,Salt Lake City,1,KSLC,SLC,SLC,,http://en.wikipedia.org/wiki/Salt_Lake_City_International_Airport,,1025075,2008-06-13T14:30:04+00:003531,KFLL,large_airport,Fort Lauderdale Hollywood International Airport,26.07259941,-80.15270233,9,NA,US,US-FL,Fort Lauderdale,1,KFLL,FLL,FLL,http://www.fll.net/,http://en.wikipedia.org/wiki/Fort_Lauderdale-Hollywood_International_Airport,"MFW, South Florida",1015275,2008-06-13T14:30:04+00:003673,KMDW,large_airport,Chicago Midway International Airport,41.7859993,-87.75240326,620,NA,US,US-IL,Chicago,1,KMDW,MDW,MDW,http://www.flychicago.com/midway/MidwayHomepage.shtm,http://en.wikipedia.org/wiki/Chicago_Midway_International_Airport,CHI,1015475,2008-06-13T14:30:04+00:003905,KSTL,large_airport,Lambert St Louis International Airport,38.74869919,-90.37000275,618,NA,US,US-MO,St Louis,1,KSTL,STL,STL,http://www.lambert-stlouis.com/,http://en.wikipedia.org/wiki/Lambert-St._Louis_International_Airport,,1047075,2008-06-13T14:30:04+00:005453,PHNL,large_airport,Honolulu International Airport,21.31870079,-157.9219971,13,NA,US,US-HI,Honolulu,1,PHNL,HNL,HNL,http://hawaii.gov/dot/airports/hnl/,http://en.wikipedia.org/wiki/Honolulu_International_Airport,"Hickam Air Force Base, HIK, PHIK, KHNL",1029375,2008-06-13T14:30:04+00:003435,KBWI,large_airport,Baltimore/Washington International Thurgood Marshall Airport,39.17539978,-76.66829681,146,NA,US,US-MD,Baltimore,1,KBWI,BWI,BWI,,http://en.wikipedia.org/wiki/Baltimore-Washington_International_Thurgood_Marshall_Airport,WAS,1021075,2014-03-13T12:03:49+00:003768,KPDX,large_airport,Portland International Airport,45.58869934,-122.5979996,31,NA,US,US-OR,Portland,1,KPDX,PDX,PDX,,http://en.wikipedia.org/wiki/Portland_International_Airport,,1015775,2010-01-23T11:28:03+00:003926,KTPA,large_airport,Tampa International Airport,27.97550011,-82.53320313,26,NA,US,US-FL,Tampa,1,KTPA,TPA,TPA,,http://en.wikipedia.org/wiki/Tampa_International_Airport,,1017475,2008-06-13T14:30:04+00:003471,KCVG,large_airport,Cincinnati Northern Kentucky International Airport,39.04880142,-84.6678009,896,NA,US,US-KY,Cincinnati,1,KCVG,CVG,CVG,,http://en.wikipedia.org/wiki/Cincinnati/Northern_Kentucky_International_Airport,,1029475,2010-09-23T09:14:54+00:003744,KOAK,large_airport,Metropolitan Oakland International Airport,37.72129822,-122.2210007,9,NA,US,US-CA,Oakland,1,KOAK,OAK,OAK,,http://en.wikipedia.org/wiki/Oakland_International_Airport,"QSF, QBA",1012475,2008-06-13T14:30:04+00:003711,KMSY,large_airport,Louis Armstrong New Orleans International Airport,29.99340057,-90.25800323,4,NA,US,US-LA,New Orleans,1,KMSY,MSY,MSY,,http://en.wikipedia.org/wiki/Louis_Armstrong_New_Orleans_International_Airport,,1012575,2008-06-13T14:30:04+00:003844,KRDU,large_airport,Raleigh Durham International Airport,35.87760162,-78.78749847,435,NA,US,US-NC,Raleigh/Durham,1,KRDU,RDU,RDU,,http://en.wikipedia.org/wiki/Raleigh-Durham_International_Airport,,1011675,2008-06-13T14:30:04+00:003778,KPIT,large_airport,Pittsburgh International Airport,40.49150085,-80.23290253,1203,NA,US,US-PA,Pittsburgh,1,KPIT,PIT,PIT,,http://en.wikipedia.org/wiki/Pittsburgh_International_Airport,,1021875,2010-01-23T11:28:03+00:003883,KSJC,large_airport,Norman Y. Mineta San Jose International Airport,37.36259842,-121.9290009,62,NA,US,US-CA,San Jose,1,KSJC,SJC,SJC,,http://en.wikipedia.org/wiki/San_Jose_International_Airport,"QSF, QBA",1014275,2008-06-13T14:30:04+00:003386,KAUS,large_airport,Austin Bergstrom International Airport,30.19449997,-97.66989899,542,NA,US,US-TX,Austin,1,KAUS,AUS,AUS,http://www.ci.austin.tx.us/austinairport/,http://en.wikipedia.org/wiki/Austin-Bergstrom_International_Airport,,51675,2008-06-13T14:30:04+00:003675,KMEM,large_airport,Memphis International Airport,35.04240036,-89.97669983,341,NA,US,US-TN,Memphis,1,KMEM,MEM,MEM,,http://en.wikipedia.org/wiki/Memphis_International_Airport,,1014475,2008-06-13T14:30:04+00:003420,KBNA,large_airport,Nashville International Airport,36.12450027,-86.67819977,599,NA,US,US-TN,Nashville,1,KBNA,BNA,BNA,,http://en.wikipedia.org/wiki/Nashville_International_Airport,,52075,2008-06-13T14:30:04+00:003894,KSNA,large_airport,John Wayne Airport-Orange County Airport,33.67570114,-117.8679962,56,NA,US,US-CA,Santa Ana,1,KSNA,SNA,SNA,http://www.ocair.com/,http://en.wikipedia.org/wiki/John_Wayne_Airport,"Disney, Disneyland, Orange County",51150,2010-01-26T11:26:00+00:003863,KSAT,large_airport,San Antonio International Airport,29.53370094,-98.46980286,809,NA,US,US-TX,San Antonio,1,KSAT,SAT,SAT,,http://en.wikipedia.org/wiki/San_Antonio_International_Airport,,1475,2008-06-13T14:30:04+00:003668,KMCI,large_airport,Kansas City International Airport,39.2976,-94.713898,1026,NA,US,US-MO,Kansas City,1,KMCI,MCI,MCI,http://www.flykci.com/,https://en.wikipedia.org/wiki/Kansas_City_International_Airport,,1015075,2016-05-31T09:33:29+00:003588,KHOU,large_airport,William P Hobby Airport,29.64539909,-95.27890015,46,NA,US,US-TX,Houston,1,KHOU,HOU,HOU,http://www.fly2houston.com/hobbyHome,http://en.wikipedia.org/wiki/William_P._Hobby_Airport,QHO,1011575,2010-01-23T11:27:52+00:003454,KCLE,large_airport,Cleveland Hopkins International Airport,41.4117012,-81.84980011,791,NA,US,US-OH,Cleveland,1,KCLE,CLE,CLE,http://www.clevelandairport.com/,http://en.wikipedia.org/wiki/Cleveland_Hopkins_International_Airport,,1015875,2010-10-22T20:04:02+00:003610,KIND,large_airport,Indianapolis International Airport,39.7173,-86.294403,797,NA,US,US-IN,Indianapolis,1,KIND,IND,IND,http://www.indianapolisairport.com/,http://en.wikipedia.org/wiki/Indianapolis_International_Airport,,52075,2016-07-08T18:41:42+00:003479,KDAL,large_airport,Dallas Love Field,32.8470993,-96.85179901,487,NA,US,US-TX,Dallas,1,KDAL,DAL,DAL,,http://en.wikipedia.org/wiki/Dallas_Love_Field,QDF,1675,2008-06-13T14:30:04+00:0016091,KABQ,large_airport,Albuquerque International Sunport Airport,35.04019928,-106.6090012,5355,NA,US,US-NM,Albuquerque,1,KABQ,ABQ,ABQ,,http://en.wikipedia.org/wiki/Albuquerque_International_Sunport,,450,2009-02-03T07:34:06+00:003690,KMKE,large_airport,General Mitchell International Airport,42.94720078,-87.89659882,723,NA,US,US-WI,Milwaukee,1,KMKE,MKE,MKE,,http://en.wikipedia.org/wiki/General_Mitchell_International_Airport,,1575,2008-06-13T14:30:04+00:003458,KCMH,large_airport,Port Columbus International Airport,39.9980011,-82.89189911,815,NA,US,US-OH,Columbus,1,KCMH,CMH,CMH,,http://en.wikipedia.org/wiki/Port_Columbus_International_Airport,,1675,2008-06-13T14:30:04+00:003932,KTUS,large_airport,Tucson International Airport,32.11610031,-110.9410019,2643,NA,US,US-AZ,Tucson,1,KTUS,TUS,TUS,,http://en.wikipedia.org/wiki/Tucson_International_Airport,,1050,2009-02-03T07:41:37+00:005388,PANC,large_airport,Ted Stevens Anchorage International Airport,61.17440033,-149.9960022,152,NA,US,US-AK,Anchorage,1,PANC,ANC,ANC,,http://en.wikipedia.org/wiki/Ted_Stevens_Anchorage_International_Airport,,1475,2008-06-13T14:30:04+00:003431,KBUF,large_airport,Buffalo Niagara International Airport,42.94049835,-78.73220062,728,NA,US,US-NY,Buffalo,1,KBUF,BUF,BUF,,http://en.wikipedia.org/wiki/Buffalo_Niagara_International_Airport,,1475,2010-01-23T11:27:48+00:003396,KBDL,large_airport,Bradley International Airport,41.93889999,-72.68319702,173,NA,US,US-CT,Hartford,1,KBDL,BDL,BDL,http://www.bradleyairport.com/,http://en.wikipedia.org/wiki/Bradley_International_Airport,"HFD, Hartford",1050,2010-09-23T10:12:19+00:003766,KPBI,large_airport,Palm Beach International Airport,26.68320084,-80.09559631,19,NA,US,US-FL,West Palm Beach,1,KPBI,PBI,PBI,,http://en.wikipedia.org/wiki/Palm_Beach_International_Airport,"MFW, South Florida",1275,2008-06-13T14:30:04+00:003853,KRNO,large_airport,Reno Tahoe International Airport,39.49909973,-119.7679977,4415,NA,US,US-NV,Reno,1,KRNO,RNO,RNO,,http://en.wikipedia.org/wiki/Reno-Tahoe_International_Airport,,1050,2009-02-03T07:40:35+00:003620,KJAX,large_airport,Jacksonville International Airport,30.49410057,-81.68789673,30,NA,US,US-FL,Jacksonville,1,KJAX,JAX,JAX,,http://en.wikipedia.org/wiki/Jacksonville_International_Airport,,1475,2008-06-13T14:30:04+00:003747,KOKC,large_airport,Will Rogers World Airport,35.39310074,-97.60070038,1295,NA,US,US-OK,Oklahoma City,1,KOKC,OKC,OKC,,http://en.wikipedia.org/wiki/Will_Rogers_World_Airport,,1475,2008-06-13T14:30:04+00:003755,KORF,large_airport,Norfolk International Airport,36.89459991,-76.20120239,26,NA,US,US-VA,Norfolk,1,KORF,ORF,ORF,,http://en.wikipedia.org/wiki/Norfolk_International_Airport,,1275,2008-06-13T14:30:04+00:003892,KSMF,large_airport,Sacramento International Airport,38.69540024,-121.5910034,27,NA,US,US-CA,Sacramento,1,KSMF,SMF,SMF,,http://en.wikipedia.org/wiki/Sacramento_International_Airport,,51475,2008-06-13T14:30:04+00:003913,KSYR,large_airport,Syracuse Hancock International Airport,43.11119843,-76.10630035,421,NA,US,US-NY,Syracuse,1,KSYR,SYR,SYR,http://www.syrairport.org/,http://en.wikipedia.org/wiki/Syracuse_Hancock_International_Airport,,1275,2009-07-11T20:52:07+00:003752,KONT,large_airport,Ontario International Airport,34.05599976,-117.6009979,944,NA,US,US-CA,Ontario,1,KONT,ONT,ONT,,http://en.wikipedia.org/wiki/LA/Ontario_International_Airport,,1475,2008-06-13T14:30:04+00:003873,KSDF,large_airport,Louisville International Standiford Field,38.1744,-85.736,501,NA,US,US-KY,Louisville,1,KSDF,SDF,SDF,http://www.flylouisville.com,http://en.wikipedia.org/wiki/Louisville_International_Airport,,1875,2016-12-13T10:50:18+00:003450,KCHS,large_airport,Charleston Air Force Base-International Airport,32.89860153,-80.04049683,46,NA,US,US-SC,Charleston,1,KCHS,CHS,CHS,,http://en.wikipedia.org/wiki/Charleston_International_Airport,Charleston Air Force Base,1275,2010-01-23T11:27:48+00:003421,KBOI,large_airport,Boise Air Terminal/Gowen field,43.56439972,-116.2229996,2871,NA,US,US-ID,Boise,1,KBOI,BOI,BOI,http://www.cityofboise.org/departments/airport/,http://en.wikipedia.org/wiki/Boise_Airport,"Boise Air Terminal, Gowen Field",1050,2010-01-23T11:27:48+00:003847,KRIC,large_airport,Richmond International Airport,37.50519943,-77.31970215,167,NA,US,US-VA,Richmond,1,KRIC,RIC,RIC,,http://en.wikipedia.org/wiki/Richmond_International_Airport,,1475,2008-06-13T14:30:04+00:003855,KROC,large_airport,Greater Rochester International Airport,43.1189003,-77.67240143,559,NA,US,US-NY,Rochester,1,KROC,ROC,ROC,,http://en.wikipedia.org/wiki/Greater_Rochester_International_Airport,,1475,2008-06-13T14:30:04+00:003406,KBHM,large_airport,Birmingham-Shuttlesworth International Airport,33.56290054,-86.75350189,650,NA,US,US-AL,Birmingham,1,KBHM,BHM,BHM,http://www.flybirmingham.com/,http://en.wikipedia.org/wiki/Birmingham_International_Airport_(US),,1275,2015-07-27T15:10:43+00:003401,KBFI,large_airport,Boeing Field King County International Airport,47.52999878,-122.302002,21,NA,US,US-WA,Seattle,1,KBFI,BFI,BFI,,http://en.wikipedia.org/wiki/Boeing_Field,,1275,2008-06-13T14:30:04+00:003864,KSAV,large_airport,Savannah Hilton Head International Airport,32.12760162,-81.20210266,50,NA,US,US-GA,Savannah,1,KSAV,SAV,SAV,,http://en.wikipedia.org/wiki/Savannah/Hilton_Head_International_Airport,,1275,2010-01-23T11:28:05+00:003481,KDAY,large_airport,James M Cox Dayton International Airport,39.90240097,-84.2193985,1009,NA,US,US-OH,Dayton,1,KDAY,DAY,DAY,,http://en.wikipedia.org/wiki/Dayton_International_Airport,,1675,2008-06-13T14:30:04+00:003605,KICT,large_airport,Wichita Mid Continent Airport,37.64989853,-97.43309784,1333,NA,US,US-KS,Wichita,1,KICT,ICT,ICT,,http://en.wikipedia.org/wiki/Kansas_City_International_Airport,,1575,2008-06-13T14:30:04+00:003796,KPWM,large_airport,Portland International Jetport Airport,43.64619827,-70.30930328,76,NA,US,US-ME,Portland,1,KPWM,PWM,PWM,,http://en.wikipedia.org/wiki/Portland_International_Jetport,,1275,2010-01-23T11:28:05+00:003552,KGEG,large_airport,Spokane International Airport,47.61989975,-117.5339966,2376,NA,US,US-WA,Spokane,1,KGEG,GEG,GEG,,http://en.wikipedia.org/wiki/Spokane_International_Airport,,1275,2008-06-13T14:30:04+00:003684,KMHT,large_airport,Manchester Airport,42.93259811,-71.43569946,266,NA,US,US-NH,Manchester,1,KMHT,MHT,MHT,,http://en.wikipedia.org/wiki/Manchester-Boston_Regional_Airport,,599,2009-07-25T19:24:20+00:003858,KRSW,large_airport,Southwest Florida International Airport,26.53619957,-81.75520325,30,NA,US,US-FL,Fort Myers,1,KRSW,RSW,RSW,http://www.flylcpa.com/,http://en.wikipedia.org/wiki/Southwest_Florida_International_Airport,,51150,2009-04-15T21:59:48+00:003463,KCOS,large_airport,City of Colorado Springs Municipal Airport,38.80580139,-104.7009964,6187,NA,US,US-CO,Colorado Springs,1,KCOS,COS,COS,https://flycos.coloradosprings.gov/,http://en.wikipedia.org/wiki/Colorado_Springs_Airport,,1275,2015-07-30T15:14:08+00:003496,KDSM,large_airport,Des Moines International Airport,41.5340004,-93.6631012,958,NA,US,US-IA,Des Moines,1,KDSM,DSM,DSM,,http://en.wikipedia.org/wiki/Des_Moines_International_Airport,,1475,2008-06-13T14:30:04+00:003645,KLIT,large_airport,Bill & Hillary Clinton National Airport/Adams Field,34.72940063,-92.22429657,262,NA,US,US-AR,Little Rock,1,KLIT,LIT,LIT,,http://en.wikipedia.org/wiki/Little_Rock_National_Airport,,1675,2015-01-20T15:38:18+00:003568,KGSO,large_airport,Piedmont Triad International Airport,36.09780121,-79.93730164,925,NA,US,US-NC,Greensboro,1,KGSO,GSO,GSO,,http://en.wikipedia.org/wiki/Piedmont_Triad_International_Airport,,1475,2008-06-13T14:30:04+00:003707,KMSN,large_airport,Dane County Regional Truax Field,43.13990021,-89.33750153,887,NA,US,US-WI,Madison,1,KMSN,MSN,MSN,,http://en.wikipedia.org/wiki/Dane_County_Regional_Airport,,1475,2008-06-13T14:30:04+00:003930,KTUL,large_airport,Tulsa International Airport,36.19839859,-95.88809967,677,NA,US,US-OK,Tulsa,1,KTUL,TUL,TUL,,http://en.wikipedia.org/wiki/Tulsa_International_Airport,,1475,2008-06-13T14:30:04+00:003924,KTLH,large_airport,Tallahassee Regional Airport,30.39649963,-84.35030365,81,NA,US,US-FL,Tallahassee,1,KTLH,TLH,TLH,,http://en.wikipedia.org/wiki/Tallahassee_Regional_Airport,,1275,2008-06-13T14:30:04+00:003938,KTYS,large_airport,McGhee Tyson Airport,35.81100082,-83.9940033,981,NA,US,US-TN,Knoxville,1,KTYS,TYS,TYS,,http://en.wikipedia.org/wiki/McGhee_Tyson_Airport,,1275,2010-09-24T11:02:26+00:003640,KLEX,large_airport,Blue Grass Airport,38.03649902,-84.60590363,979,NA,US,US-KY,Lexington,1,KLEX,LEX,LEX,http://www.bluegrassairport.com/,http://en.wikipedia.org/wiki/Blue_Grass_Airport,,1275,2009-02-25T15:49:51+00:003478,KDAB,large_airport,Daytona Beach International Airport,29.179899,-81.058098,34,NA,US,US-FL,Daytona Beach,1,KDAB,DAB,DAB,,http://en.wikipedia.org/wiki/Daytona_Beach_International_Airport,,1050,2016-07-11T15:22:18+00:003405,KBGR,large_airport,Bangor International Airport,44.80739975,-68.82810211,192,NA,US,US-ME,Bangor,1,KBGR,BGR,BGR,,http://en.wikipedia.org/wiki/Bangor_International_Airport,,1275,2008-06-13T14:30:04+00:003633,KLBB,large_airport,Lubbock Preston Smith International Airport,33.66360092,-101.822998,3282,NA,US,US-TX,Lubbock,1,KLBB,LBB,LBB,,http://en.wikipedia.org/wiki/Lubbock_Preston_Smith_International_Airport,,1275,2008-06-13T14:30:04+00:003899,KSRQ,large_airport,Sarasota Bradenton International Airport,27.39539909,-82.55439758,30,NA,US,US-FL,Sarasota/Bradenton,1,KSRQ,SRQ,SRQ,,http://en.wikipedia.org/wiki/Sarasota-Bradenton_International_Airport,,1275,2008-06-13T14:30:04+00:003569,KGSP,large_airport,Greenville Spartanburg International Airport,34.89569855,-82.21890259,964,NA,US,US-SC,Greenville,1,KGSP,GSP,GSP,,http://en.wikipedia.org/wiki/Greenville-Spartanburg_International_Airport,,1275,2010-09-24T10:42:27+00:003448,KCHA,large_airport,Lovell Field,35.03530121,-85.20379639,683,NA,US,US-TN,Chattanooga,1,KCHA,CHA,CHA,,http://en.wikipedia.org/wiki/Chattanooga_Metropolitan_Airport,,1275,2008-06-13T14:30:04+00:003408,KBIL,large_airport,Billings Logan International Airport,45.80770111,-108.5429993,3652,NA,US,US-MT,Billings,1,KBIL,BIL,BIL,,http://en.wikipedia.org/wiki/Billings_Logan_International_Airport,,1275,2008-06-13T14:30:04+00:003451,KCID,large_airport,The Eastern Iowa Airport,41.88470078,-91.71080017,869,NA,US,US-IA,Cedar Rapids,1,KCID,CID,CID,,http://en.wikipedia.org/wiki/The_Eastern_Iowa_Airport,,1275,2008-06-13T14:30:04+00:005360,PAFA,large_airport,Fairbanks International Airport,64.81510162,-147.8560028,439,NA,US,US-AK,Fairbanks,1,PAFA,FAI,FAI,,http://en.wikipedia.org/wiki/Fairbanks_International_Airport,,875,2010-01-23T11:28:10+00:003594,KHSV,large_airport,Huntsville International Carl T Jones Field,34.6371994,-86.77510071,629,NA,US,US-AL,Huntsville,1,KHSV,HSV,HSV,http://www.flyhuntsville.com/portal/#.VbaG-_lVhBc,http://en.wikipedia.org/wiki/Huntsville_International_Airport,,1675,2015-07-27T15:12:24+00:003377,KAMA,large_airport,Rick Husband Amarillo International Airport,35.2193985,-101.7060013,3607,NA,US,US-TX,Amarillo,1,KAMA,AMA,AMA,,http://en.wikipedia.org/wiki/Rick_Husband_Amarillo_International_Airport,,1275,2008-06-13T14:30:04+00:003562,KGRB,large_airport,Austin Straubel International Airport,44.48509979,-88.12960052,695,NA,US,US-WI,Green Bay,1,KGRB,GRB,GRB,,http://en.wikipedia.org/wiki/Austin_Straubel_International_Airport,,1275,2008-06-13T14:30:04+00:003438,KCAE,large_airport,Columbia Metropolitan Airport,33.93880081,-81.11949921,236,NA,US,US-SC,Columbia,1,KCAE,CAE,CAE,,http://en.wikipedia.org/wiki/Columbia_Metropolitan_Airport,,1475,2008-06-13T14:30:04+00:003387,KAVL,large_airport,Asheville Regional Airport,35.43619919,-82.54180145,2165,NA,US,US-NC,Asheville,1,KAVL,AVL,AVL,,http://en.wikipedia.org/wiki/Asheville_Regional_Airport,,1275,2008-06-13T14:30:04+00:003879,KSGF,large_airport,Springfield Branson National Airport,37.24570084,-93.38860321,1268,NA,US,US-MO,Springfield,1,KSGF,SGF,SGF,,http://en.wikipedia.org/wiki/Springfield/Branson_National_Airport,,1275,2010-01-23T11:28:05+00:003876,KSFB,large_airport,Orlando Sanford International Airport,28.77759933,-81.23750305,55,NA,US,US-FL,Orlando,1,KSFB,SFB,SFB,,http://en.wikipedia.org/wiki/Orlando_Sanford_International_Airport,,1275,2008-06-13T14:30:04+00:003857,KRST,large_airport,Rochester International Airport,43.90829849,-92.5,1317,NA,US,US-MN,Rochester,1,KRST,RST,RST,,http://en.wikipedia.org/wiki/Rochester_International_Airport,,1275,2008-06-13T14:30:04+00:003700,KMOB,large_airport,Mobile Regional Airport,30.69120026,-88.24279785,219,NA,US,US-AL,Mobile,1,KMOB,MOB,MOB,http://www.mobairport.com/,http://en.wikipedia.org/wiki/Mobile_Regional_Airport,,1275,2015-07-28T09:26:11+00:003868,KSBN,large_airport,South Bend Regional Airport,41.70869827,-86.31729889,799,NA,US,US-IN,South Bend,1,KSBN,SBN,SBN,,http://en.wikipedia.org/wiki/South_Bend_Regional_Airport,,1275,2008-06-13T14:30:04+00:003547,KFWA,large_airport,Fort Wayne International Airport,40.97850037,-85.19509888,814,NA,US,US-IN,Fort Wayne,1,KFWA,FWA,FWA,https://fwairport.com/,http://en.wikipedia.org/wiki/Fort_Wayne_International_Airport,Baer Field,1275,2014-09-18T04:45:38+00:003925,KTOL,large_airport,Toledo Express Airport,41.58679962,-83.80780029,683,NA,US,US-OH,Toledo,1,KTOL,TOL,TOL,,http://en.wikipedia.org/wiki/Toledo_Express_Airport,,1275,2010-01-23T11:28:07+00:003854,KROA,large_airport,Roanokeƒ__Blacksburg Regional Airport,37.32550049,-79.97540283,1175,NA,US,US-VA,Roanoke,1,KROA,ROA,ROA,,http://en.wikipedia.org/wiki/Roanoke%E2%80%93Blacksburg_Regional_Airport,Woodrum Field,1275,2015-02-17T14:28:23+00:003429,KBTR,large_airport,"Baton Rouge Metropolitan, Ryan Field",30.53319931,-91.14959717,70,NA,US,US-LA,Baton Rouge,1,KBTR,BTR,BTR,,http://en.wikipedia.org/wiki/Baton_Rouge_Metropolitan_Airport,,1275,2010-01-26T11:02:40+00:003545,KFTW,large_airport,Fort Worth Meacham International Airport,32.81980133,-97.36239624,710,NA,US,US-TX,Fort Worth,0,KFTW,FTW,FTW,,http://en.wikipedia.org/wiki/Fort_Worth_Meacham_International_Airport,,850,2010-05-09T16:06:59+00:003561,KGPT,large_airport,Gulfport Biloxi International Airport,30.40730095,-89.07009888,28,NA,US,US-MS,Gulfport,1,KGPT,GPT,GPT,,http://en.wikipedia.org/wiki/Gulfport-Biloxi_International_Airport,,1275,2008-06-13T14:30:04+00:003619,KJAN,large_airport,Jackson-Medgar Wiley Evers International Airport,32.31119919,-90.07589722,346,NA,US,US-MS,Jackson,1,KJAN,JAN,JAN,,http://en.wikipedia.org/wiki/Jackson-Evers_International_Airport,,1275,2013-12-08T14:19:12+00:003695,KMLI,large_airport,Quad City International Airport,41.44850159,-90.50749969,590,NA,US,US-IL,Moline,1,KMLI,MLI,MLI,,http://en.wikipedia.org/wiki/Quad_City_International_Airport,,1275,2008-06-13T14:30:04+00:003467,KCRW,large_airport,Yeager Airport,38.37310028,-81.59320068,981,NA,US,US-WV,Charleston,1,KCRW,CRW,CRW,,http://en.wikipedia.org/wiki/Yeager_Airport,,1275,2008-06-13T14:30:04+00:003419,KBMI,large_airport,Central Illinois Regional Airport at Bloomington-Normal,40.47710037,-88.91590118,871,NA,US,US-IL,Bloomington/Normal,1,KBMI,BMI,BMI,,http://en.wikipedia.org/wiki/Central_Illinois_Regional_Airport,,1275,2014-03-22T11:54:10+00:003491,KDLH,large_airport,Duluth International Airport,46.84209824,-92.19360352,1428,NA,US,US-MN,Duluth,1,KDLH,DLH,DLH,http://www.duluthairport.com/,http://en.wikipedia.org/wiki/Duluth_International_Airport,"LKI, Duluth Air National Guard Base, Lakeside AFB",1275,2015-02-22T14:35:05+00:003770,KPHF,large_airport,Newport News Williamsburg International Airport,37.13190079,-76.49299622,42,NA,US,US-VA,Newport News,1,KPHF,PHF,PHF,,http://en.wikipedia.org/wiki/Newport_News/Williamsburg_International_Airport,,1275,2010-01-23T11:28:03+00:003466,KCRP,large_airport,Corpus Christi International Airport,27.77039909,-97.50119781,44,NA,US,US-TX,Corpus Christi,1,KCRP,CRP,CRP,,http://en.wikipedia.org/wiki/Corpus_Christi_International_Airport,,1375,2008-06-13T14:30:04+00:003928,KTRI,large_airport,Tri Cities Regional Tn Va Airport,36.47520065,-82.40740204,1519,NA,US,US-TN,Bristol/Johnson/Kingsport,1,KTRI,TRI,TRI,,http://en.wikipedia.org/wiki/Tri-Cities_Regional_Airport,,1275,2008-06-13T14:30:04+00:003845,KRFD,large_airport,Chicago Rockford International Airport,42.19540024,-89.09719849,742,NA,US,US-IL,Chicago/Rockford,1,KRFD,RFD,RFD,,http://en.wikipedia.org/wiki/Chicago/Rockford_International_Airport,,1275,2008-06-13T14:30:04+00:003773,KPIA,large_airport,General Wayne A. Downing Peoria International Airport,40.66419983,-89.69329834,660,NA,US,US-IL,Peoria,1,KPIA,PIA,PIA,,http://en.wikipedia.org/wiki/General_Wayne_A._Downing_Peoria_International_Airport,Peoria International Airport,1475,2015-02-17T14:24:51+00:003465,KCPR,large_airport,Casper-Natrona County International Airport,42.90800095,-106.4639969,5350,NA,US,US-WY,Casper,1,KCPR,CPR,CPR,,http://en.wikipedia.org/wiki/Natrona_County_International_Airport,,1275,2010-01-23T11:27:48+00:003543,KFSM,large_airport,Fort Smith Regional Airport,35.33660126,-94.36740112,469,NA,US,US-AR,Fort Smith,1,KFSM,FSM,FSM,,http://en.wikipedia.org/wiki/Fort_Smith_Regional_Airport,,1275,2008-06-13T14:30:04+00:003882,KSHV,large_airport,Shreveport Regional Airport,32.44660187,-93.82559967,258,NA,US,US-LA,Shreveport,1,KSHV,SHV,SHV,,http://en.wikipedia.org/wiki/Shreveport_Regional_Airport,,1375,2008-06-13T14:30:04+00:003898,KSPS,large_airport,Sheppard Air Force Base-Wichita Falls Municipal Airport,33.98880005,-98.49189758,1019,NA,US,US-TX,Wichita Falls,1,KSPS,SPS,SPS,,http://en.wikipedia.org/wiki/Wichita_Falls_Municipal_Airport,Sheppard Air Force Base,1375,2010-01-23T11:28:07+00:003681,KMGM,large_airport,Montgomery Regional (Dannelly Field) Airport,32.30059814,-86.39399719,221,NA,US,US-AL,Montgomery,1,KMGM,MGM,MGM,http://www.flymgm.com/,http://en.wikipedia.org/wiki/Montgomery_Regional_Airport,,1275,2015-07-27T15:13:22+00:003897,KSPI,large_airport,Abraham Lincoln Capital Airport,39.84410095,-89.67790222,598,NA,US,US-IL,Springfield,1,KSPI,SPI,SPI,,http://en.wikipedia.org/wiki/Abraham_Lincoln_Capital_Airport,,1475,2010-01-23T11:28:07+00:003368,KAGS,large_airport,Augusta Regional At Bush Field,33.36989975,-81.96450043,144,NA,US,US-GA,Augusta,1,KAGS,AGS,AGS,,http://en.wikipedia.org/wiki/Augusta_Regional_Airport,,1275,2008-06-13T14:30:04+00:003909,KSUX,large_airport,Sioux Gateway Col. Bud Day Field,42.40259933,-96.38439941,1098,NA,US,US-IA,Sioux City,1,KSUX,SUX,SUX,,http://en.wikipedia.org/wiki/Sioux_Gateway_Airport,,1275,2010-01-23T11:28:07+00:003907,KSUS,large_airport,Spirit of St Louis Airport,38.66210175,-90.65200043,463,NA,US,US-MO,St Louis,0,KSUS,SUS,SUS,http://spiritairport.com/spiritairport/index.jsp,http://en.wikipedia.org/wiki/Spirit_of_St._Louis_Airport,,850,2015-07-12T11:15:06+00:003482,KDBQ,large_airport,Dubuque Regional Airport,42.40200043,-90.70950317,1077,NA,US,US-IA,Dubuque,1,KDBQ,DBQ,DBQ,,http://en.wikipedia.org/wiki/Dubuque_Regional_Airport,,1275,2010-01-23T11:27:50+00:003664,KMBS,large_airport,MBS International Airport,43.53290176,-84.07959747,668,NA,US,US-MI,Saginaw,1,KMBS,MBS,MBS,http://www.mbsairport.org/,http://en.wikipedia.org/wiki/MBS_International_Airport,"Tri City Airport, Midland, Bay City",1275,2008-06-13T14:30:04+00:003515,KERI,large_airport,Erie International Tom Ridge Field,42.08312701,-80.17386675,732,NA,US,US-PA,Erie,1,KERI,ERI,ERI,,http://en.wikipedia.org/wiki/Erie_International_Airport,,1275,2013-01-22T00:07:55+00:003642,KLFT,large_airport,Lafayette Regional Airport,30.20529938,-91.98760223,42,NA,US,US-LA,Lafayette,1,KLFT,LFT,LFT,http://www.lftairport.com/Home,http://en.wikipedia.org/wiki/Lafayette_Regional_Airport,,1275,2011-10-22T08:42:32+00:003697,KMLU,large_airport,Monroe Regional Airport,32.51089859,-92.03769684,79,NA,US,US-LA,Monroe,1,KMLU,MLU,MLU,,http://en.wikipedia.org/wiki/Monroe_Regional_Airport,,1275,2008-06-13T14:30:04+00:003366,KAFW,large_airport,Fort Worth Alliance Airport,32.98759842,-97.31880188,722,NA,US,US-TX,Fort Worth,0,KAFW,AFW,AFW,http://www.allianceairport.com/,http://en.wikipedia.org/wiki/Fort_Worth_Alliance_Airport,,850,2011-09-03T15:36:06+00:003623,KJLN,large_airport,Joplin Regional Airport,37.15179825,-94.49829865,981,NA,US,US-MO,Joplin,1,KJLN,JLN,JLN,,http://en.wikipedia.org/wiki/Joplin_Regional_Airport,,1275,2008-06-13T14:30:04+00:003638,KLCK,large_airport,Rickenbacker International Airport,39.813801,-82.927803,744,NA,US,US-OH,Columbus,1,KLCK,LCK,LCK,http://rickenbackerinlandport.com/en/rickenbacker-international-airport/,http://en.wikipedia.org/wiki/Rickenbacker_International_Airport,Lockbourne Army Air Field,850,2016-05-31T10:03:00+00:003364,KADW,large_airport,Andrews Air Force Base,38.81079865,-76.86699677,280,NA,US,US-MD,Camp Springs,0,KADW,ADW,ADW,,http://en.wikipedia.org/wiki/Joint_Base_Andrews,,1000,2011-09-03T06:15:37+00:003908,KSUU,large_airport,Travis Air Force Base,38.26269913,-121.927002,62,NA,US,US-CA,Fairfield,0,KSUU,SUU,SUU,http://www.travis.af.mil/,http://en.wikipedia.org/wiki/Travis_Air_Force_Base,,850,2015-07-12T11:22:27+00:003948,KVPS,large_airport,Destin-Ft Walton Beach Airport,30.4832,-86.525398,87,NA,US,US-FL,Valparaiso,1,KVPS,VPS,VPS,http://www.flyvps.com/,https://en.wikipedia.org/wiki/Destin%E2%80%93Fort_Walton_Beach_Airport,Eglin AFB,1275,2016-10-26T21:56:21+00:003595,KHTS,large_airport,Tri-State/Milton J. Ferguson Field,38.36669922,-82.55799866,828,NA,US,US-WV,Huntington,1,KHTS,HTS,HTS,,http://en.wikipedia.org/wiki/Tri-State_Airport,,1275,2010-01-26T11:07:28+00:003528,KFFO,large_airport,Wright-Patterson Air Force Base,39.8260994,-84.0483017,823,NA,US,US-OH,Dayton,0,KFFO,FFO,FFO,http://www.wpafb.af.mil/,http://en.wikipedia.org/wiki/Wright-Patterson_Air_Force_Base,"Wilbur Wright Field, Fairfield Air Depot",850,2014-09-25T18:50:59+00:003579,KHIB,large_airport,Range Regional Airport,47.38660049,-92.83899689,1354,NA,US,US-MN,Hibbing,1,KHIB,HIB,HIB,,http://en.wikipedia.org/wiki/Range_Regional_Airport,Chisholm Hibbing Airport,1275,2015-02-17T14:26:35+00:003417,KBLV,large_airport,Scott AFB/Midamerica Airport,38.5452,-89.835197,459,NA,US,US-IL,Belleville,1,KBLV,BLV,BLV,,http://en.wikipedia.org/wiki/Scott_Air_Force_Base,Scott Air Force Base,1000,2016-05-31T10:05:31+00:003918,KTCM,large_airport,McChord Air Force Base,47.13769913,-122.4759979,322,NA,US,US-WA,Tacoma,0,KTCM,TCM,TCM,,http://en.wikipedia.org/wiki/McChord_Air_Force_Base,,850,2013-08-24T19:57:36+00:003494,KDOV,large_airport,Dover Air Force Base,39.12950134,-75.46600342,24,NA,US,US-DE,Dover,0,KDOV,DOV,DOV,http://www.dover.af.mil/,http://en.wikipedia.org/wiki/Dover_Air_Force_Base,"Municipal Airport - Dover Airdrome, Dover Army Airbase, Dover Army Airfield",850,2014-09-01T11:11:33+00:003441,KCBM,large_airport,Columbus Air Force Base,33.64379883,-88.44380188,219,NA,US,US-MS,Columbus,0,KCBM,CBM,CBM,,http://en.wikipedia.org/wiki/Columbus_Air_Force_Base,,850,2012-06-23T06:16:18+00:003503,KEDW,large_airport,Edwards Air Force Base,34.905399,-117.884003,2312,NA,US,US-CA,Edwards,0,KEDW,EDW,EDW,,http://en.wikipedia.org/wiki/Edwards_Air_Force_Base,,850,2016-06-22T07:47:56+00:003658,KLUF,large_airport,Luke Air Force Base,33.53499985,-112.3830032,1085,NA,US,US-AZ,Glendale,0,KLUF,LUF,LUF,http://www.luke.af.mil/,http://en.wikipedia.org/wiki/Luke_Air_Force_Base,,850,2015-02-14T13:53:36+00:003641,KLFI,large_airport,Langley Air Force Base,37.082901,-76.36049652,11,NA,US,US-VA,Hampton,0,KLFI,LFI,LFI,http://www.langleyafb.us/,http://en.wikipedia.org/wiki/Langley_Field,Langley Field,850,2015-02-20T12:17:27+00:003680,KMGE,large_airport,Dobbins Air Reserve Base,33.91540146,-84.51629639,1068,NA,US,US-GA,Marietta,0,KMGE,MGE,MGE,http://www.dobbins.afrc.af.mil/,http://en.wikipedia.org/wiki/Dobbins_Air_Reserve_Base,"Rickenbacker Field, Marietta AAF, Marietta AFB, Dobbins AFB",850,2015-03-05T00:01:01+00:003921,KTIK,large_airport,Tinker Air Force Base,35.41469955,-97.38659668,1291,NA,US,US-OK,Oklahoma City,0,KTIK,TIK,TIK,http://www.tinker.af.mil/,https://en.wikipedia.org/wiki/Tinker_Air_Force_Base,Midwest Air Depot,850,2015-11-22T13:11:09+00:003667,KMCF,large_airport,Mac Dill Air Force Base,27.84930038,-82.52120209,14,NA,US,US-FL,Tampa,0,KMCF,MCF,MCF,http://www.macdill.af.mil/,http://en.wikipedia.org/wiki/MacDill_Air_Force_Base,"Southeast Air Base - Tampa, MacDill Field",850,2015-03-01T15:56:32+00:003951,KWRB,large_airport,Robins Air Force Base,32.64009857,-83.59190369,294,NA,US,US-GA,Warner Robins,0,KWRB,WRB,WRB,http://www.robins.af.mil/,https://en.wikipedia.org/wiki/Robins_Air_Force_Base,,850,2013-06-30T12:21:45+00:003657,KLTS,large_airport,Altus Air Force Base,34.667099,-99.26670074,1382,NA,US,US-OK,Altus,0,KLTS,LTS,LTS,http://www.altus.af.mil/,http://en.wikipedia.org/wiki/Altus_Air_Force_Base,,1000,2015-02-14T19:42:55+00:003852,KRND,large_airport,Randolph Air Force Base,29.52969933,-98.27890015,761,NA,US,US-TX,Universal City,0,KRND,RND,RND,http://www.military.com/base-guide/randolph-air-force-base,http://en.wikipedia.org/wiki/Randolph_Air_Force_Base,,1000,2015-05-08T14:27:22+00:003392,KBAD,large_airport,Barksdale Air Force Base,32.50180054,-93.66269684,166,NA,US,US-LA,Bossier City,0,KBAD,BAD,BAD,,http://en.wikipedia.org/wiki/Barksdale_Air_Force_Base,,850,2012-06-21T01:49:15+00:003765,KPAM,large_airport,Tyndall Air Force Base,30.06959915,-85.57540131,17,NA,US,US-FL,Panama City,0,KPAM,PAM,PAM,http://www.tyndall.af.mil/,http://en.wikipedia.org/wiki/Tyndall_Air_Force_Base,,850,2014-08-22T00:55:27+00:003885,KSKA,large_airport,Fairchild Air Force Base,47.61510086,-117.6559982,2461,NA,US,US-WA,Spokane,0,KSKA,SKA,SKA,http://www.fairchild.af.mil/,http://en.wikipedia.org/wiki/Fairchild_Air_Force_Base,,850,2013-08-29T10:53:59+00:003499,KDYS,large_airport,Dyess Air Force Base,32.42079926,-99.854599,1789,NA,US,US-TX,Abilene,0,KDYS,DYS,DYS,http://www.dyess.af.mil/,http://en.wikipedia.org/wiki/Dyess_Air_Force_Base,,850,2012-07-05T01:21:00+00:003584,KHMN,large_airport,Holloman Air Force Base,32.85250092,-106.1070023,4093,NA,US,US-NM,Alamogordo,0,KHMN,HMN,HMN,http://www.holloman.af.mil/,http://en.wikipedia.org/wiki/Holloman_Air_Force_Base,Alamogordo AAF,850,2014-11-16T06:28:59+00:003473,KCVS,large_airport,Cannon Air Force Base,34.38280106,-103.3219986,4295,NA,US,US-NM,Clovis,0,KCVS,CVS,CVS,http://www.cannon.af.mil/,http://en.wikipedia.org/wiki/Cannon_Air_Force_Base,,850,2014-02-20T19:15:15+00:003490,KDLF,large_airport,Laughlin Air Force Base,29.35950089,-100.7779999,1082,NA,US,US-TX,Del Rio,0,KDLF,DLF,DLF,http://www.laughlin.af.mil/,http://en.wikipedia.org/wiki/Laughlin_Air_Force_Base,,850,2014-08-30T21:33:56+00:003901,KSSC,large_airport,Shaw Air Force Base,33.97269821,-80.47059631,241,NA,US,US-SC,Sumter,0,KSSC,SSC,SSC,http://www.shaw.af.mil/,http://en.wikipedia.org/wiki/Shaw_Air_Force_Base,,850,2015-07-04T20:20:06+00:003513,KEND,large_airport,Vance Air Force Base,36.33919907,-97.91649628,1307,NA,US,US-OK,Enid,0,KEND,END,END,http://www.vance.af.mil/,http://en.wikipedia.org/wiki/Vance_Air_Force_Base,,850,2012-08-18T17:07:11+00:003567,KGSB,large_airport,Seymour Johnson Air Force Base,35.33940125,-77.96060181,109,NA,US,US-NC,Goldsboro,0,KGSB,GSB,GSB,http://www.seymourjohnson.af.mil/,http://en.wikipedia.org/wiki/Seymour_Johnson_Air_Force_Base,,850,2014-10-04T01:51:25+00:003914,KSZL,large_airport,Whiteman Air Force Base,38.7303009,-93.54789734,870,NA,US,US-MO,Knob Noster,0,KSZL,SZL,SZL,http://www.whiteman.af.mil/,http://en.wikipedia.org/wiki/Whiteman_Air_Force_Base,Sedalia Glider Base,850,2015-05-31T03:54:50+00:003944,KVBG,large_airport,Vandenberg Air Force Base,34.73730087,-120.5839996,369,NA,US,US-CA,Lompoc,0,KVBG,VBG,VBG,,http://en.wikipedia.org/wiki/Vandenberg_Air_Force_Base,,850,2014-12-26T21:30:21+00:003391,KBAB,large_airport,Beale Air Force Base,39.13610077,-121.4369965,113,NA,US,US-CA,Marysville,0,KBAB,BAB,BAB,,http://en.wikipedia.org/wiki/Beale_Air_Force_Base,,850,2012-06-21T01:43:23+00:003573,KGUS,large_airport,Grissom Air Reserve Base,40.64810181,-86.15209961,812,NA,US,US-IN,Peru,0,KGUS,GUS,GUS,http://www.grissom.afrc.af.mil/,http://en.wikipedia.org/wiki/Grissom_Air_Reserve_Base,,850,2014-10-03T23:32:05+00:003715,KMUO,large_airport,Mountain Home Air Force Base,43.043598,-115.872002,2996,NA,US,US-ID,Mountain Home,0,KMUO,MUO,MUO,http://www.mountainhome.af.mil/,https://en.wikipedia.org/wiki/Mountain_Home_Air_Force_Base,,850,2016-05-31T09:36:32+00:00317314,US-0303,large_airport,atl,33.137551,-84.375,,NA,US,US-U-A,,1,,,,,,,0,2016-03-19T09:20:40+00:00